Draft Order,Team Drafting
1,Cleveland Browns
2,New York Giants
3,New York Jets
4,Cleveland Browns
5,Denver Broncos
6,Indianapolis Colts
7,Buffalo Bills
8,Chicago Bears
9,San Francisco 49ers
10,Arizona Cardinals
11,Miami Dolphins
12,Tampa Bay Buccaneers
13,Washington Commanders
14,New Orleans Saints
15,Las Vegas Raiders
16,Buffalo Bills
17,Los Angeles Chargers
18,Green Bay Packers
19,Dallas Cowboys
20,Detroit Lions
21,Cincinatti Bengals
22,Tennessee Titans
23,New England Patriots
24,Carolina Panthers
25,Baltimore Ravens
26,Atlanta Falcons
27,Seattle Seahawks
28,Pittsburgh Steelers
29,Jacksonville Jaguars
30,Minnesota Vikings
31,New England Patriots
32,Baltimore Ravens
33,Cleveland Browns
34,New York Giants
35,Cleveland Browns
36,Indianapolis Colts
37,Indianapolis Colts
38,Tampa Bay Buccaneers
39,Chicago Bears
40,Denver Broncos
41,Tennessee Titans
42,Miami Dolphins
43,Detroit Lions
44,San Francisco 49ers
45,Green Bay Packers
46,Kansas City Chiefs
47,Arizona Cardinals
48,Los Angeles Chargers
49,Philadelphia Eagles
50,Dallas Cowboys
51,Chicago Bears
52,Indianapolis Colts
53,Tampa Bay Buccaneers
54,Cincinatti Bengals
55,Carolina Panthers
56,New England Patriots
57,Las Vegas Raiders
58,Atlanta Falcons
59,Washington Commanders
60,Pittsburgh Steelers
61,Jacksonville Jaguars
62,Minnesota Vikings
63,Tampa Bay Buccaneers
64,Indianapolis Colts
65,Las Vegas Raiders
66,New York Giants
67,Cleveland Browns
68,Houston Texans
69,New York Giants
70,San Francisco 49ers
71,Denver Broncos
72,New York Jets
73,Miami Dolphins
74,Washington Commanders
75,Kansas City Chiefs
76,Pittsburgh Steelers
77,Cincinatti Bengals
78,Cincinatti Bengals
79,Seattle Seahawks
80,Houston Texans
81,Dallas Cowboys
82,Detroit Lions
83,Baltimore Ravens
84,Los Angeles Chargers
85,Carolina Panthers
86,Baltimore Ravens
87,Las Vegas Raiders
88,Green Bay Packers
89,Los Angeles Rams
90,Atlanta Falcons
91,New Orleans Saints
92,Pittsburgh Steelers
93,Jacksonville Jaguars
94,Tampa Bay Buccaneers
95,San Francisco 49ers
96,Buffalo Bills
97,Arizona Cardinals
98,Houston Texans
99,Denver Broncos
100,Kansas City Chiefs